player_name,season,wk,Game_date,OPP,Result,AST,PDEF
Mark Andrews,Regular Season,17,01/03/2021,Bengals,W 38 - 3,6.8,
Mark Andrews,Regular Season,16,12/27/2020,Giants,W 27 - 13,12.7,
Mark Andrews,Regular Season,15,12/20/2020,Jaguars,W 40 - 14,13.2,
Mark Andrews,Regular Season,14,12/15/2020,Browns,W 47 - 42,15.6,
Mark Andrews,Regular Season,11,11/22/2020,Titans,L 24 - 30,19.2,
Mark Andrews,Regular Season,10,11/16/2020,Patriots,L 17 - 23,8.7,
Mark Andrews,Regular Season,9,11/08/2020,Colts,W 24 - 10,7.3,
Mark Andrews,Regular Season,8,11/01/2020,Steelers,L 24 - 28,10.7,
Mark Andrews,Regular Season,3,09/29/2020,Chiefs,L 20 - 34,7.3,
Mark Andrews,Regular Season,2,09/20/2020,Texans,W 33 - 16,29,
Mark Andrews,Regular Season,6,10/18/2020,Eagles,W 30 - 28,10.5,
Mark Andrews,Regular Season,5,10/11/2020,Bengals,W 27 - 3,9.3,
Mark Andrews,Regular Season,4,10/04/2020,Football Team,W 31 - 17,19,
Mark Andrews,Regular Season,1,09/13/2020,Browns,W 38 - 6,11.6,
Mark Andrews,Post Season,2,01/17/2021,Bills,L 3 - 17,7,
Mark Andrews,Post Season,1,01/10/2021,Titans,W 20 - 13,10.3,
David Andrews,Regular Season,17,01/03/2021,Jets,W 28 - 14,,
David Andrews,Regular Season,16,12/29/2020,Bills,L 9 - 38,,
David Andrews,Regular Season,15,12/20/2020,Dolphins,L 12 - 22,,
David Andrews,Regular Season,14,12/11/2020,Rams,L 3 - 24,,
David Andrews,Regular Season,13,12/06/2020,Chargers,W 45 - 0,,
David Andrews,Regular Season,12,11/29/2020,Cardinals,W 20 - 17,,
David Andrews,Regular Season,11,11/22/2020,Texans,L 20 - 27,,
David Andrews,Regular Season,10,11/16/2020,Ravens,W 23 - 17,,
David Andrews,Regular Season,9,11/10/2020,Jets,W 30 - 27,,
David Andrews,Regular Season,8,11/01/2020,Bills,L 21 - 24,,
David Andrews,Regular Season,7,10/25/2020,49ers,L 6 - 33,,
David Andrews,Regular Season,1,09/13/2020,Dolphins,W 21 - 11,,
David Andrews,Regular Season,2,09/21/2020,Seahawks,L 30 - 35,,
Bryan Anger,Regular Season,17,01/03/2021,Titans,L 38 - 41,42,42
Bryan Anger,Regular Season,16,12/27/2020,Bengals,L 31 - 37,153,38.3
Bryan Anger,Regular Season,15,12/20/2020,Colts,L 20 - 27,82,41
Bryan Anger,Regular Season,14,12/13/2020,Bears,L 7 - 36,168,42
Bryan Anger,Regular Season,13,12/06/2020,Colts,L 20 - 26,123,41
Bryan Anger,Regular Season,12,11/26/2020,Lions,W 41 - 25,117,39
Bryan Anger,Regular Season,11,11/22/2020,Patriots,W 27 - 20,158,39.5
Bryan Anger,Regular Season,10,11/15/2020,Browns,L 7 - 10,137,45.7
Bryan Anger,Regular Season,9,11/08/2020,Jaguars,W 27 - 25,200,40
Bryan Anger,Regular Season,7,10/25/2020,Packers,L 20 - 35,179,44.8
Bryan Anger,Regular Season,2,09/20/2020,Ravens,L 16 - 33,132,44
Bryan Anger,Regular Season,6,10/18/2020,Titans,L 36 - 42,169,42.3
Bryan Anger,Regular Season,1,09/11/2020,Chiefs,L 20 - 34,123,41
Bryan Anger,Regular Season,5,10/11/2020,Jaguars,W 30 - 14,33,33
Bryan Anger,Regular Season,4,10/04/2020,Vikings,L 23 - 31,175,43.8
Bryan Anger,Regular Season,3,09/27/2020,Steelers,L 21 - 28,266,44.3
Troy Apke,Regular Season,17,01/04/2021,Eagles,W 20 - 14,,
Troy Apke,Regular Season,16,12/27/2020,Panthers,L 13 - 20,1,0
Troy Apke,Regular Season,15,12/20/2020,Seahawks,L 15 - 20,2,0
Troy Apke,Regular Season,14,12/13/2020,49ers,W 23 - 15,,
Troy Apke,Regular Season,13,12/07/2020,Steelers,W 23 - 17,,
Troy Apke,Regular Season,12,11/26/2020,Cowboys,W 41 - 16,0,0
Troy Apke,Regular Season,11,11/22/2020,Bengals,W 20 - 9,1,0
Troy Apke,Regular Season,10,11/15/2020,Lions,L 27 - 30,0,0
Troy Apke,Regular Season,9,11/08/2020,Giants,L 20 - 23,,
Troy Apke,Regular Season,3,09/27/2020,Browns,L 20 - 34,0,1
Troy Apke,Regular Season,7,10/25/2020,Cowboys,W 25 - 3,0,0
Troy Apke,Regular Season,2,09/20/2020,Cardinals,L 15 - 30,1,0
Troy Apke,Regular Season,6,10/18/2020,Giants,L 19 - 20,,
Troy Apke,Regular Season,1,09/13/2020,Eagles,W 27 - 17,3,0
Troy Apke,Regular Season,5,10/11/2020,Rams,L 10 - 30,1,0
Troy Apke,Regular Season,4,10/04/2020,Ravens,L 17 - 31,1,1
Troy Apke,Post Season,1,01/10/2021,Buccaneers,L 23 - 31,,
Chidobe Awuzie,Regular Season,17,01/03/2021,Giants,L 19 - 23,2,0
Chidobe Awuzie,Regular Season,16,12/27/2020,Eagles,W 37 - 17,0,0
Chidobe Awuzie,Regular Season,15,12/20/2020,49ers,W 41 - 33,2,2
Chidobe Awuzie,Regular Season,13,12/09/2020,Ravens,L 17 - 34,1,0
Chidobe Awuzie,Regular Season,12,11/26/2020,Football Team,L 16 - 41,0,1
Chidobe Awuzie,Regular Season,11,11/22/2020,Vikings,W 31 - 28,4,0
Chidobe Awuzie,Regular Season,2,09/20/2020,Falcons,W 40 - 39,0,1
Chidobe Awuzie,Regular Season,1,09/14/2020,Rams,L 17 - 20,0,1
Ezekiel Ansah,Regular Season,3,09/27/2020,Giants,W 36 - 9,,
Ezekiel Ansah,Regular Season,4,10/05/2020,Eagles,L 20 - 25,,
Josh Andrews,Regular Season,16,12/27/2020,Browns,W 23 - 16,,
Josh Andrews,Regular Season,15,12/20/2020,Rams,W 23 - 20,,
Josh Andrews,Regular Season,14,12/13/2020,Seahawks,L 3 - 40,,
Josh Andrews,Regular Season,13,12/06/2020,Raiders,L 28 - 31,,
Josh Andrews,Regular Season,12,11/29/2020,Dolphins,L 3 - 20,,
Josh Andrews,Regular Season,11,11/22/2020,Chargers,L 28 - 34,,
Josh Andrews,Regular Season,9,11/10/2020,Patriots,L 27 - 30,,
Josh Andrews,Regular Season,8,11/01/2020,Chiefs,L 9 - 35,,
Josh Andrews,Regular Season,3,09/27/2020,Colts,L 7 - 36,,
Josh Andrews,Regular Season,7,10/25/2020,Bills,L 10 - 18,,
Robby Anderson,Regular Season,17,01/03/2021,Saints,L 7 - 33,13.3,
Josh Andrews,Regular Season,2,09/20/2020,49ers,L 13 - 31,,
Josh Andrews,Regular Season,6,10/18/2020,Dolphins,L 0 - 24,,
Josh Andrews,Regular Season,1,09/13/2020,Bills,L 17 - 27,,
Josh Andrews,Regular Season,5,10/11/2020,Cardinals,L 10 - 30,,
Josh Andrews,Regular Season,4,10/02/2020,Broncos,L 28 - 37,,
Robby Anderson,Regular Season,16,12/27/2020,Football Team,W 20 - 13,5.6,
Robby Anderson,Regular Season,15,12/20/2020,Packers,L 16 - 24,10.5,1
Robby Anderson,Regular Season,14,12/13/2020,Broncos,L 27 - 32,10.5,2
Robby Anderson,Regular Season,12,11/29/2020,Vikings,L 27 - 28,23.5,
Robby Anderson,Regular Season,11,11/22/2020,Lions,W 20 - 0,6.6,
Robby Anderson,Regular Season,10,11/15/2020,Buccaneers,L 23 - 46,5.3,
Robby Anderson,Regular Season,9,11/08/2020,Chiefs,L 31 - 33,7,
Robby Anderson,Regular Season,8,10/30/2020,Falcons,L 17 - 25,9.6,
Brandon Aiyuk,Regular Season,17,01/03/2021,Seahawks,L 23 - 26,,
Robby Anderson,Regular Season,3,09/27/2020,Chargers,W 21 - 16,11,
Robby Anderson,Regular Season,7,10/25/2020,Saints,L 24 - 27,12.3,
Robby Anderson,Regular Season,2,09/20/2020,Buccaneers,L 17 - 31,12.1,
Robby Anderson,Regular Season,6,10/18/2020,Bears,L 16 - 23,19.3,
Robby Anderson,Regular Season,5,10/11/2020,Falcons,W 23 - 16,14,1
Robby Anderson,Regular Season,4,10/04/2020,Cardinals,W 31 - 21,12.4,
Robby Anderson,Regular Season,1,09/13/2020,Raiders,L 30 - 34,19,
Brandon Aiyuk,Regular Season,16,12/26/2020,Cardinals,W 20 - 12,15,1
Brandon Aiyuk,Regular Season,15,12/20/2020,Cowboys,L 33 - 41,8.1,
Brandon Aiyuk,Regular Season,14,12/13/2020,Football Team,L 15 - 23,11.9,
Brandon Aiyuk,Regular Season,13,12/08/2020,Bills,L 24 - 34,19,
Brandon Aiyuk,Regular Season,10,11/15/2020,Saints,L 13 - 27,10.7,1
Brandon Aiyuk,Regular Season,8,11/01/2020,Seahawks,L 27 - 37,11.4,
Brandon Aiyuk,Regular Season,3,09/27/2020,Giants,W 36 - 9,14,3
Brandon Aiyuk,Regular Season,7,10/25/2020,Patriots,W 33 - 6,19.2,
Brandon Aiyuk,Regular Season,2,09/20/2020,Jets,W 31 - 13,10.5,
Brandon Aiyuk,Regular Season,6,10/19/2020,Rams,W 24 - 16,6,
Brandon Aiyuk,Regular Season,1,09/13/2020,Cardinals,L 20 - 24,,
Brandon Aiyuk,Regular Season,5,10/11/2020,Dolphins,L 17 - 43,14.7,
Brandon Aiyuk,Regular Season,4,10/05/2020,Eagles,L 20 - 25,9,1
Eli Ankou,Regular Season,17,01/03/2021,Giants,L 19 - 23,1,0
Eli Ankou,Regular Season,16,12/27/2020,Eagles,W 37 - 17,,
Eli Ankou,Regular Season,15,12/20/2020,49ers,W 41 - 33,2,0
Eli Ankou,Regular Season,14,12/13/2020,Bengals,W 30 - 7,,
Eli Ankou,Regular Season,13,12/09/2020,Ravens,L 17 - 34,,
Eli Ankou,Regular Season,12,11/26/2020,Football Team,L 16 - 41,1,0
Eli Ankou,Regular Season,11,11/22/2020,Vikings,W 31 - 28,,
Eli Ankou,Regular Season,9,11/08/2020,Steelers,L 19 - 24,,
Eli Ankou,Regular Season,3,09/27/2020,Colts,L 7 - 36,,
Eli Ankou,Regular Season,5,10/11/2020,Browns,L 23 - 32,,
Eli Ankou,Regular Season,4,10/04/2020,Bears,W 19 - 11,,
Eli Ankou,Regular Season,2,09/20/2020,Colts,L 11 - 28,,
Eli Ankou,Regular Season,1,09/13/2020,Jaguars,L 20 - 27,,
Stephen Anderson,Regular Season,17,01/03/2021,Chiefs,W 38 - 21,17.3,
Stephen Anderson,Regular Season,16,12/27/2020,Broncos,W 19 - 16,12,
Stephen Anderson,Regular Season,15,12/18/2020,Raiders,W 30 - 27,,
Stephen Anderson,Regular Season,14,12/13/2020,Falcons,W 20 - 17,,
Stephen Anderson,Regular Season,13,12/06/2020,Patriots,L 0 - 45,6,
Stephen Anderson,Regular Season,12,11/29/2020,Bills,L 17 - 27,,
Stephen Anderson,Regular Season,11,11/22/2020,Jets,W 34 - 28,,
Stephen Anderson,Regular Season,10,11/15/2020,Dolphins,L 21 - 29,,
Stephen Anderson,Regular Season,9,11/08/2020,Raiders,L 26 - 31,,
Stephen Anderson,Regular Season,8,11/01/2020,Broncos,L 30 - 31,,
Stephen Anderson,Regular Season,3,09/27/2020,Panthers,L 16 - 21,,
Stephen Anderson,Regular Season,7,10/25/2020,Jaguars,W 39 - 29,,
Stephen Anderson,Regular Season,2,09/20/2020,Chiefs,L 20 - 23,,
Stephen Anderson,Regular Season,1,09/13/2020,Bengals,W 16 - 13,,
Stephen Anderson,Regular Season,5,10/13/2020,Saints,L 27 - 30,,
Stephen Anderson,Regular Season,4,10/04/2020,Buccaneers,L 31 - 38,,
Cam Akers,Regular Season,17,01/03/2021,Cardinals,W 18 - 7,1.6,4
Freedom Akinmoladun,Regular Season,2,09/18/2020,Browns,L 30 - 35,1,0
Cam Akers,Regular Season,16,12/27/2020,Seahawks,L 9 - 20,,
Cam Akers,Regular Season,15,12/20/2020,Jets,L 20 - 23,4.2,1
Cam Akers,Regular Season,14,12/11/2020,Patriots,W 24 - 3,5.9,2
Cam Akers,Regular Season,13,12/06/2020,Cardinals,W 38 - 28,3.4,1
Cam Akers,Regular Season,12,11/29/2020,49ers,L 20 - 23,9.3,
Cam Akers,Regular Season,11,11/24/2020,Buccaneers,W 27 - 24,3,1
Cam Akers,Regular Season,10,11/15/2020,Seahawks,W 23 - 16,3.8,
Cam Akers,Regular Season,8,11/01/2020,Dolphins,L 17 - 28,3.9,1
Cam Akers,Regular Season,3,09/27/2020,Bills,L 32 - 35,,
Cam Akers,Regular Season,7,10/27/2020,Bears,W 24 - 10,,
Freedom Akinmoladun,Regular Season,4,10/04/2020,Jaguars,W 33 - 25,,
Cam Akers,Regular Season,6,10/19/2020,49ers,L 16 - 24,,
Cam Akers,Regular Season,1,09/14/2020,Cowboys,W 20 - 17,2.8,1
Cam Akers,Regular Season,5,10/11/2020,Football Team,W 30 - 10,6.8,
Cam Akers,Regular Season,4,10/04/2020,Giants,W 17 - 9,,
Cam Akers,Regular Season,2,09/20/2020,Eagles,W 37 - 19,4.3,
Cam Akers,Post Season,2,01/16/2021,Packers,L 18 - 32,5,1
Cam Akers,Post Season,1,01/09/2021,Seahawks,W 30 - 20,4.7,2
Eli Apple,Regular Season,7,10/25/2020,Saints,L 24 - 27,1,0
Eli Apple,Regular Season,6,10/18/2020,Bears,L 16 - 23,,
Eli Apple,Regular Season,5,10/11/2020,Falcons,W 23 - 16,,
Eli Apple,Regular Season,4,10/04/2020,Cardinals,W 31 - 21,,
J.J. Arcega-Whiteside,Regular Season,17,01/04/2021,Football Team,L 14 - 20,20,
J.J. Arcega-Whiteside,Regular Season,16,12/27/2020,Cowboys,L 17 - 37,,
J.J. Arcega-Whiteside,Regular Season,15,12/20/2020,Cardinals,L 26 - 33,,
J.J. Arcega-Whiteside,Regular Season,14,12/13/2020,Saints,W 24 - 21,,
J.J. Arcega-Whiteside,Regular Season,13,12/06/2020,Packers,L 16 - 30,,
J.J. Arcega-Whiteside,Regular Season,10,11/15/2020,Giants,L 17 - 27,,
J.J. Arcega-Whiteside,Regular Season,8,11/02/2020,Cowboys,W 23 - 9,,
J.J. Arcega-Whiteside,Regular Season,7,10/23/2020,Giants,W 22 - 21,8,
J.J. Arcega-Whiteside,Regular Season,6,10/18/2020,Ravens,L 28 - 30,,
J.J. Arcega-Whiteside,Regular Season,1,09/13/2020,Football Team,L 17 - 27,,
J.J. Arcega-Whiteside,Regular Season,5,10/11/2020,Steelers,L 29 - 38,37,
J.J. Arcega-Whiteside,Regular Season,4,10/05/2020,49ers,W 25 - 20,,
J.J. Arcega-Whiteside,Regular Season,3,09/27/2020,Bengals,T 23 - 23,,
J.J. Arcega-Whiteside,Regular Season,2,09/20/2020,Rams,L 19 - 37,,
Alex Anzalone,Regular Season,17,01/03/2021,Panthers,W 33 - 7,0,0
Alex Anzalone,Regular Season,16,12/25/2020,Vikings,W 52 - 33,0,0
Alex Anzalone,Regular Season,15,12/20/2020,Chiefs,L 29 - 32,1,0
Alex Anzalone,Regular Season,14,12/13/2020,Eagles,L 21 - 24,0,0
Alex Anzalone,Regular Season,13,12/06/2020,Falcons,W 21 - 16,1,0
Alex Anzalone,Regular Season,12,11/29/2020,Broncos,W 31 - 3,0,0
Alex Anzalone,Regular Season,11,11/22/2020,Falcons,W 24 - 9,,
Alex Anzalone,Regular Season,10,11/15/2020,49ers,W 27 - 13,,
Alex Anzalone,Regular Season,9,11/09/2020,Buccaneers,W 38 - 3,2,0
Alex Anzalone,Regular Season,8,11/01/2020,Bears,W 26 - 23,2,0
Alex Anzalone,Regular Season,7,10/25/2020,Panthers,W 27 - 24,1,0
Alex Anzalone,Regular Season,2,09/22/2020,Raiders,L 24 - 34,5,0
Alex Anzalone,Regular Season,1,09/13/2020,Buccaneers,W 34 - 23,3,0
Alex Anzalone,Regular Season,5,10/13/2020,Chargers,W 30 - 27,4,0
Alex Anzalone,Regular Season,4,10/04/2020,Lions,W 35 - 29,0,0
Alex Anzalone,Regular Season,3,09/28/2020,Packers,L 30 - 37,0,0
Alex Anzalone,Post Season,2,01/17/2021,Buccaneers,L 20 - 30,3,0
Alex Anzalone,Post Season,1,01/10/2021,Bears,W 21 - 9,1,0
Otaro Alaka,Regular Season,3,09/29/2020,Chiefs,L 20 - 34,,
Otaro Alaka,Regular Season,2,09/20/2020,Texans,W 33 - 16,,
Otaro Alaka,Regular Season,5,10/11/2020,Bengals,W 27 - 3,1,0
Otaro Alaka,Regular Season,4,10/04/2020,Football Team,W 31 - 17,,
Otaro Alaka,Regular Season,1,09/13/2020,Browns,W 38 - 6,,
Jordan Akins,Regular Season,17,01/03/2021,Titans,L 38 - 41,9,
Jordan Akins,Regular Season,16,12/27/2020,Bengals,L 31 - 37,9.8,
Jordan Akins,Regular Season,15,12/20/2020,Colts,L 20 - 27,10,
Jordan Akins,Regular Season,14,12/13/2020,Bears,L 7 - 36,6.7,
Jordan Akins,Regular Season,13,12/06/2020,Colts,L 20 - 26,5,
Jordan Akins,Regular Season,12,11/26/2020,Lions,W 41 - 25,,1
Jordan Akins,Regular Season,11,11/22/2020,Patriots,W 27 - 20,16.6,
Jordan Akins,Regular Season,10,11/15/2020,Browns,L 7 - 10,5,
Jordan Akins,Regular Season,9,11/08/2020,Jaguars,W 27 - 25,9.5,
Jordan Akins,Regular Season,7,10/25/2020,Packers,L 20 - 35,,
Jordan Akins,Regular Season,2,09/20/2020,Ravens,L 16 - 33,7.9,
Jordan Akins,Regular Season,6,10/18/2020,Titans,L 36 - 42,,
Jordan Akins,Regular Season,1,09/11/2020,Chiefs,L 20 - 34,19.5,
Jordan Akins,Regular Season,5,10/11/2020,Jaguars,W 30 - 14,,
Jordan Akins,Regular Season,4,10/04/2020,Vikings,L 23 - 31,15.3,
Jordan Akins,Regular Season,3,09/27/2020,Steelers,L 21 - 28,14,
Jaire Alexander,Regular Season,17,01/03/2021,Bears,W 35 - 16,1,1
Jaire Alexander,Regular Season,16,12/28/2020,Titans,W 40 - 14,1,3
Jaire Alexander,Regular Season,15,12/20/2020,Panthers,W 24 - 16,0,1
Jaire Alexander,Regular Season,14,12/13/2020,Lions,W 31 - 24,1,1
Jaire Alexander,Regular Season,13,12/06/2020,Eagles,W 30 - 16,0,2
Jaire Alexander,Regular Season,12,11/30/2020,Bears,W 41 - 25,1,0
Jaire Alexander,Regular Season,11,11/22/2020,Colts,L 31 - 34,3,2
Jaire Alexander,Regular Season,10,11/15/2020,Jaguars,W 24 - 20,,
Jaire Alexander,Regular Season,9,11/06/2020,49ers,W 34 - 17,0,0
Jaire Alexander,Regular Season,8,11/01/2020,Vikings,L 22 - 28,0,0
Jaire Alexander,Regular Season,7,10/25/2020,Texans,W 35 - 20,0,1
Jaire Alexander,Regular Season,2,09/20/2020,Lions,W 42 - 21,2,0
Jaire Alexander,Regular Season,6,10/18/2020,Buccaneers,L 10 - 38,0,0
Jaire Alexander,Regular Season,4,10/06/2020,Falcons,W 30 - 16,2,0
Jaire Alexander,Regular Season,3,09/28/2020,Saints,W 37 - 30,0,1
Jaire Alexander,Regular Season,1,09/13/2020,Vikings,W 43 - 34,1,1
Jaire Alexander,Post Season,2,01/16/2021,Rams,W 32 - 18,0,0
Mackensie Alexander,Regular Season,17,01/03/2021,Ravens,L 3 - 38,,
Mackensie Alexander,Regular Season,16,12/27/2020,Texans,W 37 - 31,1,0
Mackensie Alexander,Regular Season,15,12/22/2020,Steelers,W 27 - 17,0,2
Mackensie Alexander,Regular Season,14,12/13/2020,Cowboys,L 7 - 30,0,0
Mackensie Alexander,Regular Season,13,12/06/2020,Dolphins,L 7 - 19,5,0
Mackensie Alexander,Regular Season,12,11/29/2020,Giants,L 17 - 19,0,3
Mackensie Alexander,Regular Season,11,11/22/2020,Football Team,L 9 - 20,3,0
Mackensie Alexander,Regular Season,10,11/15/2020,Steelers,L 10 - 36,2,0
Mackensie Alexander,Regular Season,8,11/01/2020,Titans,W 31 - 20,0,0
Mackensie Alexander,Regular Season,7,10/25/2020,Browns,L 34 - 37,1,1
Mackensie Alexander,Regular Season,2,09/18/2020,Browns,L 30 - 35,2,0
Mackensie Alexander,Regular Season,6,10/18/2020,Colts,L 27 - 31,0,0
Mackensie Alexander,Regular Season,1,09/13/2020,Chargers,L 13 - 16,,
Mackensie Alexander,Regular Season,5,10/11/2020,Ravens,L 3 - 27,,
Mackensie Alexander,Regular Season,4,10/04/2020,Jaguars,W 33 - 25,,
Mackensie Alexander,Regular Season,3,09/27/2020,Eagles,T 23 - 23,1,0
Kwon Alexander,Regular Season,16,12/25/2020,Vikings,W 52 - 33,0,0
Kwon Alexander,Regular Season,15,12/20/2020,Chiefs,L 29 - 32,2,1
Kwon Alexander,Regular Season,14,12/13/2020,Eagles,L 21 - 24,3,0
Kwon Alexander,Regular Season,13,12/06/2020,Falcons,W 21 - 16,0,2
Kwon Alexander,Regular Season,12,11/29/2020,Broncos,W 31 - 3,2,0
Kwon Alexander,Regular Season,11,11/22/2020,Falcons,W 24 - 9,0,1
Kwon Alexander,Regular Season,10,11/15/2020,49ers,W 27 - 13,3,0
Kwon Alexander,Regular Season,8,11/01/2020,Seahawks,L 27 - 37,,
Kwon Alexander,Regular Season,3,09/27/2020,Giants,W 36 - 9,0,0
Kwon Alexander,Regular Season,7,10/25/2020,Patriots,W 33 - 6,,
Kwon Alexander,Regular Season,2,09/20/2020,Jets,W 31 - 13,2,0
Kwon Alexander,Regular Season,6,10/19/2020,49ers,L 16 - 24,,
Kwon Alexander,Regular Season,1,09/13/2020,49ers,W 24 - 20,2,0
Kwon Alexander,Regular Season,5,10/11/2020,49ers,W 43 - 17,1,0
Kwon Alexander,Regular Season,4,10/05/2020,49ers,W 25 - 20,3,0
Nick Allegretti,Regular Season,17,01/03/2021,Chargers,L 21 - 38,,
Nick Allegretti,Regular Season,16,12/27/2020,Falcons,W 17 - 14,,
Nick Allegretti,Regular Season,15,12/20/2020,Saints,W 32 - 29,,
Nick Allegretti,Regular Season,14,12/13/2020,Dolphins,W 33 - 27,,
Nick Allegretti,Regular Season,13,12/07/2020,Broncos,W 22 - 16,,
Nick Allegretti,Regular Season,12,11/29/2020,Buccaneers,W 27 - 24,,
Nick Allegretti,Regular Season,11,11/23/2020,Raiders,W 35 - 31,,
Nick Allegretti,Regular Season,9,11/08/2020,Panthers,W 33 - 31,,
Nick Allegretti,Regular Season,8,11/01/2020,Jets,W 35 - 9,,
Nick Allegretti,Regular Season,3,09/29/2020,Ravens,W 34 - 20,,
Nick Allegretti,Regular Season,7,10/25/2020,Broncos,W 43 - 16,,
Nick Allegretti,Regular Season,2,09/20/2020,Chargers,W 23 - 20,,
Nick Allegretti,Regular Season,6,10/19/2020,Bills,W 26 - 17,,
Nick Allegretti,Regular Season,1,09/11/2020,Texans,W 34 - 20,,
Nick Allegretti,Regular Season,5,10/11/2020,Raiders,L 32 - 40,,
Nick Allegretti,Regular Season,4,10/05/2020,Patriots,W 26 - 10,,
Nick Allegretti,Post Season,2,01/17/2021,Browns,W 22 - 17,,
Brian Allen,Regular Season,17,01/03/2021,Cardinals,W 18 - 7,,
Brian Allen,Regular Season,16,12/27/2020,Seahawks,L 9 - 20,,
Brian Allen,Regular Season,15,12/20/2020,Jets,L 20 - 23,,
Brian Allen,Regular Season,14,12/11/2020,Patriots,W 24 - 3,,
Brian Allen,Regular Season,13,12/06/2020,Cardinals,W 38 - 28,,
Brian Allen,Regular Season,12,11/29/2020,49ers,L 20 - 23,,
Brian Allen,Regular Season,11,11/24/2020,Buccaneers,W 27 - 24,,
Brian Allen,Regular Season,10,11/15/2020,Seahawks,W 23 - 16,,
Brian Allen,Regular Season,8,11/01/2020,Dolphins,L 17 - 28,,
Brian Allen,Regular Season,3,09/27/2020,Bills,L 32 - 35,,
Brian Allen,Regular Season,7,10/27/2020,Bears,W 24 - 10,,
Brian Allen,Regular Season,6,10/19/2020,49ers,L 16 - 24,,
Brian Allen,Regular Season,1,09/14/2020,Cowboys,W 20 - 17,,
Brian Allen,Regular Season,5,10/11/2020,Football Team,W 30 - 10,,
Brian Allen,Regular Season,4,10/04/2020,Giants,W 17 - 9,,
Brian Allen,Regular Season,2,09/20/2020,Eagles,W 37 - 19,,
Brian Allen,Post Season,2,01/16/2021,Packers,L 18 - 32,,
Brian Allen,Post Season,1,01/09/2021,Seahawks,W 30 - 20,,
Mo Alie-Cox,Regular Season,17,01/03/2021,Jaguars,W 28 - 14,,
Mo Alie-Cox,Regular Season,16,12/27/2020,Steelers,L 24 - 28,20,
Mo Alie-Cox,Regular Season,15,12/20/2020,Texans,W 27 - 20,7,
Mo Alie-Cox,Regular Season,14,12/13/2020,Raiders,W 44 - 27,9,
Mo Alie-Cox,Regular Season,13,12/06/2020,Texans,W 26 - 20,7.7,
Mo Alie-Cox,Regular Season,12,11/29/2020,Titans,L 26 - 45,9.5,
Mo Alie-Cox,Regular Season,11,11/22/2020,Packers,W 34 - 31,8,
Mo Alie-Cox,Regular Season,10,11/13/2020,Titans,W 34 - 17,6.3,
Mo Alie-Cox,Regular Season,9,11/08/2020,Ravens,L 10 - 24,14.3,
Mo Alie-Cox,Regular Season,8,11/01/2020,Lions,W 41 - 21,12.3,
Mo Alie-Cox,Regular Season,3,09/27/2020,Jets,W 36 - 7,16.7,
Mo Alie-Cox,Regular Season,6,10/18/2020,Bengals,W 31 - 27,,
Mo Alie-Cox,Regular Season,5,10/11/2020,Browns,L 23 - 32,,
Mo Alie-Cox,Regular Season,4,10/04/2020,Bears,W 19 - 11,13,
Mo Alie-Cox,Regular Season,2,09/20/2020,Vikings,W 28 - 11,22.2,
Mo Alie-Cox,Regular Season,1,09/13/2020,Jaguars,L 20 - 27,10,
Mo Alie-Cox,Post Season,1,01/09/2021,Bills,L 24 - 27,8,
Brian Allen,Regular Season,5,10/11/2020,49ers,W 43 - 17,0,0
Brian Allen,Post Season,2,01/17/2021,Chiefs,L 17 - 22,,
Brian Allen,Post Season,1,01/11/2021,Steelers,W 48 - 37,,
Brandon Allen,Regular Season,17,01/03/2021,Ravens,L 3 - 38,48,2
Brandon Allen,Regular Season,16,12/27/2020,Texans,W 37 - 31,371,0
Brandon Allen,Regular Season,15,12/22/2020,Steelers,W 27 - 17,,
Brandon Allen,Regular Season,14,12/13/2020,Cowboys,L 7 - 30,217,0
Brandon Allen,Regular Season,13,12/06/2020,Dolphins,L 7 - 19,153,1
Brandon Allen,Regular Season,12,11/29/2020,Giants,L 17 - 19,136,1
Dakota Allen,Regular Season,17,01/03/2021,Colts,L 14 - 28,0,0
Dakota Allen,Regular Season,16,12/27/2020,Bears,L 17 - 41,,
Dakota Allen,Regular Season,15,12/20/2020,Ravens,L 14 - 40,,
Dakota Allen,Regular Season,14,12/13/2020,Titans,L 10 - 31,0,0
Dakota Allen,Regular Season,13,12/06/2020,Vikings,L 24 - 27,,
Dakota Allen,Regular Season,12,11/29/2020,Browns,L 25 - 27,,
Dakota Allen,Regular Season,11,11/22/2020,Steelers,L 3 - 27,,
Dakota Allen,Regular Season,10,11/15/2020,Packers,L 20 - 24,,
Dakota Allen,Regular Season,9,11/08/2020,Texans,L 25 - 27,,
Dakota Allen,Regular Season,3,09/25/2020,Dolphins,L 13 - 31,0,0
Dakota Allen,Regular Season,7,10/25/2020,Chargers,L 29 - 39,0,0
Dakota Allen,Regular Season,2,09/20/2020,Titans,L 30 - 33,,
Dakota Allen,Regular Season,6,10/18/2020,Lions,L 16 - 34,,
Dakota Allen,Regular Season,5,10/11/2020,Texans,L 14 - 30,2,0
Dakota Allen,Regular Season,4,10/04/2020,Bengals,L 25 - 33,4,0
Dakota Allen,Regular Season,1,09/13/2020,Colts,W 27 - 20,,
Jonathan Allen,Regular Season,17,01/04/2021,Eagles,W 20 - 14,3,0
Jonathan Allen,Regular Season,16,12/27/2020,Panthers,L 13 - 20,2,0
Jonathan Allen,Regular Season,15,12/20/2020,Seahawks,L 15 - 20,2,0
Jonathan Allen,Regular Season,14,12/13/2020,49ers,W 23 - 15,0,0
Jonathan Allen,Regular Season,13,12/07/2020,Steelers,W 23 - 17,0,0
Jonathan Allen,Regular Season,12,11/26/2020,Cowboys,W 41 - 16,3,0
Jonathan Allen,Regular Season,11,11/22/2020,Bengals,W 20 - 9,3,0
Jonathan Allen,Regular Season,10,11/15/2020,Lions,L 27 - 30,1,0
Jonathan Allen,Regular Season,9,11/08/2020,Giants,L 20 - 23,2,0
Jonathan Allen,Regular Season,3,09/27/2020,Browns,L 20 - 34,3,0
Jonathan Allen,Regular Season,7,10/25/2020,Cowboys,W 25 - 3,0,0
Jonathan Allen,Regular Season,2,09/20/2020,Cardinals,L 15 - 30,1,0
Jonathan Allen,Regular Season,6,10/18/2020,Giants,L 19 - 20,0,0
Jonathan Allen,Regular Season,1,09/13/2020,Eagles,W 27 - 17,2,0
Jonathan Allen,Regular Season,5,10/11/2020,Rams,L 10 - 30,3,0
Jonathan Allen,Regular Season,4,10/04/2020,Ravens,L 17 - 31,2,0
Jonathan Allen,Post Season,1,01/10/2021,Buccaneers,L 23 - 31,1,0
Josh Allen,Regular Season,17,01/03/2021,Dolphins,W 56 - 26,224,1
Josh Allen,Regular Season,16,12/29/2020,Patriots,W 38 - 9,320,0
Josh Allen,Regular Season,15,12/19/2020,Broncos,W 48 - 19,359,0
Josh Allen,Regular Season,14,12/14/2020,Steelers,W 26 - 15,238,1
Josh Allen,Regular Season,13,12/08/2020,49ers,W 34 - 24,375,0
Josh Allen,Regular Season,12,11/29/2020,Chargers,W 27 - 17,157,1
Josh Allen,Regular Season,10,11/15/2020,Cardinals,L 30 - 32,284,2
Josh Allen,Regular Season,9,11/08/2020,Seahawks,W 44 - 34,415,0
Josh Allen,Regular Season,8,11/01/2020,Patriots,W 24 - 21,154,1
Josh Allen,Regular Season,3,09/27/2020,Rams,W 35 - 32,311,1
Josh Allen,Regular Season,7,10/25/2020,Jets,W 18 - 10,307,0
Josh Allen,Regular Season,2,09/20/2020,Dolphins,W 31 - 28,415,0
Josh Allen,Regular Season,6,10/19/2020,Chiefs,L 17 - 26,122,1
Josh Allen,Regular Season,1,09/13/2020,Jets,W 27 - 17,312,0
Josh Allen,Regular Season,5,10/13/2020,Titans,L 16 - 42,263,2
Josh Allen,Regular Season,4,10/04/2020,Raiders,W 30 - 23,288,0
Josh Allen,Post Season,2,01/17/2021,Ravens,W 17 - 3,206,0
Josh Allen,Post Season,1,01/09/2021,Colts,W 27 - 24,324,0
Josh Allen,Regular Season,11,11/22/2020,Steelers,L 3 - 27,,
Josh Allen,Regular Season,10,11/15/2020,Packers,L 20 - 24,0,0
Josh Allen,Regular Season,9,11/08/2020,Texans,L 25 - 27,3,0
Josh Allen,Regular Season,3,09/25/2020,Dolphins,L 13 - 31,0,0
Josh Allen,Regular Season,7,10/25/2020,Chargers,L 29 - 39,0,1
Josh Allen,Regular Season,2,09/20/2020,Titans,L 30 - 33,1,0
Josh Allen,Regular Season,6,10/18/2020,Lions,L 16 - 34,,
Josh Allen,Regular Season,5,10/11/2020,Texans,L 14 - 30,,
Josh Allen,Regular Season,4,10/04/2020,Bengals,L 25 - 33,0,0
Josh Allen,Regular Season,1,09/13/2020,Colts,W 27 - 20,2,0
Keenan Allen,Regular Season,16,12/27/2020,Broncos,W 19 - 16,,
Keenan Allen,Regular Season,15,12/18/2020,Raiders,W 30 - 27,17,1
Keenan Allen,Regular Season,14,12/13/2020,Falcons,W 20 - 17,5.8,
Keenan Allen,Regular Season,13,12/06/2020,Patriots,L 0 - 45,9.6,
Keenan Allen,Regular Season,12,11/29/2020,Bills,L 17 - 27,10,
Keenan Allen,Regular Season,11,11/22/2020,Jets,W 34 - 28,9.1,
Keenan Allen,Regular Season,10,11/15/2020,Dolphins,L 21 - 29,13,
Keenan Allen,Regular Season,9,11/08/2020,Raiders,L 26 - 31,11.4,
Keenan Allen,Regular Season,8,11/01/2020,Broncos,L 30 - 31,7.4,
Keenan Allen,Regular Season,3,09/27/2020,Panthers,L 16 - 21,10.2,
Keenan Allen,Regular Season,7,10/25/2020,Jaguars,W 39 - 29,12.5,
Keenan Allen,Regular Season,2,09/20/2020,Chiefs,L 20 - 23,13.7,
Keenan Allen,Regular Season,1,09/13/2020,Bengals,W 16 - 13,9.3,
Keenan Allen,Regular Season,5,10/13/2020,Saints,L 27 - 30,14.5,
Keenan Allen,Regular Season,4,10/04/2020,Buccaneers,L 31 - 38,7.8,
Zach Allen,Regular Season,17,01/03/2021,Rams,L 7 - 18,2,1
Zach Allen,Regular Season,16,12/26/2020,49ers,L 12 - 20,0,0
Zach Allen,Regular Season,15,12/20/2020,Eagles,W 33 - 26,5,1
Zach Allen,Regular Season,14,12/13/2020,Giants,W 26 - 7,2,1
Zach Allen,Regular Season,13,12/06/2020,Rams,L 28 - 38,,
Zach Allen,Regular Season,12,11/29/2020,Patriots,L 17 - 20,2,0
Zach Allen,Regular Season,3,09/27/2020,Lions,L 23 - 26,1,0
Zach Allen,Regular Season,7,10/26/2020,Seahawks,W 37 - 34,0,0
Zach Allen,Regular Season,2,09/20/2020,Football Team,W 30 - 15,0,0
Zach Allen,Regular Season,6,10/20/2020,Cowboys,W 38 - 10,,
Zach Allen,Regular Season,1,09/13/2020,49ers,W 24 - 20,0,0
Zach Allen,Regular Season,5,10/11/2020,Jets,W 30 - 10,0,0
Zach Allen,Regular Season,4,10/04/2020,Panthers,L 21 - 31,3,0
Marcus Allen,Regular Season,17,01/03/2021,Browns,L 22 - 24,,
Marcus Allen,Regular Season,16,12/27/2020,Colts,W 28 - 24,,
Marcus Allen,Regular Season,15,12/22/2020,Bengals,L 17 - 27,,
Marcus Allen,Regular Season,14,12/14/2020,Bills,L 15 - 26,,
Marcus Allen,Regular Season,13,12/07/2020,Football Team,L 17 - 23,,
Marcus Allen,Regular Season,12,12/02/2020,Ravens,W 19 - 14,,
Marcus Allen,Regular Season,11,11/22/2020,Jaguars,W 27 - 3,,
Marcus Allen,Regular Season,10,11/15/2020,Bengals,W 36 - 10,,
Marcus Allen,Regular Season,9,11/08/2020,Cowboys,W 24 - 19,,
Marcus Allen,Regular Season,8,11/01/2020,Ravens,W 28 - 24,,
Marcus Allen,Regular Season,7,10/25/2020,Titans,W 27 - 24,,
Marcus Allen,Regular Season,2,09/20/2020,Broncos,W 26 - 21,,
Marcus Allen,Regular Season,6,10/18/2020,Browns,W 38 - 7,,
Marcus Allen,Regular Season,1,09/14/2020,Giants,W 26 - 16,,
Marcus Allen,Regular Season,5,10/11/2020,Eagles,W 38 - 29,,
Marcus Allen,Regular Season,3,09/27/2020,Texans,W 28 - 21,,
Marcus Allen,Post Season,17,01/03/2021,Browns,L 22 - 24,,
Marcus Allen,Post Season,16,12/27/2020,Colts,W 28 - 24,,
Marcus Allen,Post Season,15,12/22/2020,Bengals,L 17 - 27,,
Marcus Allen,Post Season,14,12/14/2020,Bills,L 15 - 26,,
Marcus Allen,Post Season,13,12/07/2020,Football Team,L 17 - 23,,
Marcus Allen,Post Season,12,12/02/2020,Ravens,W 19 - 14,,
Marcus Allen,Post Season,11,11/22/2020,Jaguars,W 27 - 3,,
Marcus Allen,Post Season,10,11/15/2020,Bengals,W 36 - 10,,
Marcus Allen,Post Season,9,11/08/2020,Cowboys,W 24 - 19,,
Marcus Allen,Post Season,8,11/01/2020,Ravens,W 28 - 24,,
Marcus Allen,Post Season,7,10/25/2020,Titans,W 27 - 24,,
Marcus Allen,Post Season,2,09/20/2020,Broncos,W 26 - 21,,
Marcus Allen,Post Season,6,10/18/2020,Browns,W 38 - 7,,
Marcus Allen,Post Season,1,09/14/2020,Giants,W 26 - 16,,
Marcus Allen,Post Season,5,10/11/2020,Eagles,W 38 - 29,,
Marcus Allen,Post Season,3,09/27/2020,Texans,W 28 - 21,,
Marcus Allen,,17,01/03/2021,Browns,L 22 - 24,,
Marcus Allen,,16,12/27/2020,Colts,W 28 - 24,,
Marcus Allen,,15,12/22/2020,Bengals,L 17 - 27,,
Marcus Allen,,14,12/14/2020,Bills,L 15 - 26,,
Marcus Allen,,13,12/07/2020,Football Team,L 17 - 23,,
Marcus Allen,,12,12/02/2020,Ravens,W 19 - 14,,
Marcus Allen,,11,11/22/2020,Jaguars,W 27 - 3,,
Marcus Allen,,10,11/15/2020,Bengals,W 36 - 10,,
Marcus Allen,,9,11/08/2020,Cowboys,W 24 - 19,,
Marcus Allen,,8,11/01/2020,Ravens,W 28 - 24,,
Marcus Allen,,7,10/25/2020,Titans,W 27 - 24,,
Marcus Allen,,2,09/20/2020,Broncos,W 26 - 21,,
Marcus Allen,,6,10/18/2020,Browns,W 38 - 7,,
Marcus Allen,,1,09/14/2020,Giants,W 26 - 16,,
Marcus Allen,,5,10/11/2020,Eagles,W 38 - 29,,
Marcus Allen,,3,09/27/2020,Texans,W 28 - 21,,
Marcus Allen,,17,01/03/2021,Browns,L 22 - 24,,
Marcus Allen,,16,12/27/2020,Colts,W 28 - 24,,
Marcus Allen,,15,12/22/2020,Bengals,L 17 - 27,,
Marcus Allen,,14,12/14/2020,Bills,L 15 - 26,,
Marcus Allen,,13,12/07/2020,Football Team,L 17 - 23,,
Marcus Allen,,12,12/02/2020,Ravens,W 19 - 14,,
Marcus Allen,,11,11/22/2020,Jaguars,W 27 - 3,,
Marcus Allen,,10,11/15/2020,Bengals,W 36 - 10,,
Marcus Allen,,9,11/08/2020,Cowboys,W 24 - 19,,
Marcus Allen,,8,11/01/2020,Ravens,W 28 - 24,,
Marcus Allen,,7,10/25/2020,Titans,W 27 - 24,,
Marcus Allen,,2,09/20/2020,Broncos,W 26 - 21,,
Marcus Allen,,6,10/18/2020,Browns,W 38 - 7,,
Marcus Allen,,1,09/14/2020,Giants,W 26 - 16,,
Marcus Allen,,5,10/11/2020,Eagles,W 38 - 29,,
Marcus Allen,,3,09/27/2020,Texans,W 28 - 21,,
Marcus Allen,,17,01/03/2021,Browns,L 22 - 24,,
Marcus Allen,,16,12/27/2020,Colts,W 28 - 24,,
Marcus Allen,,15,12/22/2020,Bengals,L 17 - 27,,
Marcus Allen,,14,12/14/2020,Bills,L 15 - 26,,
Marcus Allen,,13,12/07/2020,Football Team,L 17 - 23,,
Marcus Allen,,12,12/02/2020,Ravens,W 19 - 14,,
Marcus Allen,,11,11/22/2020,Jaguars,W 27 - 3,,
Marcus Allen,,10,11/15/2020,Bengals,W 36 - 10,,
Marcus Allen,,9,11/08/2020,Cowboys,W 24 - 19,,
Marcus Allen,,8,11/01/2020,Ravens,W 28 - 24,,
Marcus Allen,,7,10/25/2020,Titans,W 27 - 24,,
Marcus Allen,,2,09/20/2020,Broncos,W 26 - 21,,
Marcus Allen,,6,10/18/2020,Browns,W 38 - 7,,
Marcus Allen,,1,09/14/2020,Giants,W 26 - 16,,
Marcus Allen,,5,10/11/2020,Eagles,W 38 - 29,,
Marcus Allen,,3,09/27/2020,Texans,W 28 - 21,,
Marcus Allen,,17,01/03/2021,Browns,L 22 - 24,1,0
Marcus Allen,,16,12/27/2020,Colts,W 28 - 24,,
Marcus Allen,,15,12/22/2020,Bengals,L 17 - 27,4,0
Marcus Allen,,14,12/14/2020,Bills,L 15 - 26,3,0
Marcus Allen,,13,12/07/2020,Football Team,L 17 - 23,0,0
Marcus Allen,,12,12/02/2020,Ravens,W 19 - 14,1,0
Marcus Allen,,11,11/22/2020,Jaguars,W 27 - 3,,
Marcus Allen,,10,11/15/2020,Bengals,W 36 - 10,1,0
Marcus Allen,,9,11/08/2020,Cowboys,W 24 - 19,1,0
Marcus Allen,,8,11/01/2020,Ravens,W 28 - 24,0,0
Marcus Allen,,7,10/25/2020,Titans,W 27 - 24,0,0
Marcus Allen,,2,09/20/2020,Broncos,W 26 - 21,,
Marcus Allen,,6,10/18/2020,Browns,W 38 - 7,,
Marcus Allen,,1,09/14/2020,Giants,W 26 - 16,,
Marcus Allen,,5,10/11/2020,Eagles,W 38 - 29,,
Marcus Allen,,3,09/27/2020,Texans,W 28 - 21,0,0
Marcus Allen,,17,01/03/2021,Browns,L 22 - 24,,
Marcus Allen,,16,12/27/2020,Colts,W 28 - 24,,
Marcus Allen,,15,12/22/2020,Bengals,L 17 - 27,,
Marcus Allen,,14,12/14/2020,Bills,L 15 - 26,,
Marcus Allen,,13,12/07/2020,Football Team,L 17 - 23,,
Marcus Allen,,12,12/02/2020,Ravens,W 19 - 14,,
Marcus Allen,,11,11/22/2020,Jaguars,W 27 - 3,,
Marcus Allen,,10,11/15/2020,Bengals,W 36 - 10,,
Marcus Allen,,9,11/08/2020,Cowboys,W 24 - 19,,
Marcus Allen,,8,11/01/2020,Ravens,W 28 - 24,,
Marcus Allen,,7,10/25/2020,Titans,W 27 - 24,,
Marcus Allen,,2,09/20/2020,Broncos,W 26 - 21,,
Marcus Allen,,6,10/18/2020,Browns,W 38 - 7,,
Marcus Allen,,1,09/14/2020,Giants,W 26 - 16,,
Marcus Allen,,5,10/11/2020,Eagles,W 38 - 29,,
Marcus Allen,,3,09/27/2020,Texans,W 28 - 21,,
Marcus Allen,,1,01/11/2021,Browns,L 37 - 48,,
Marcus Allen,,1,01/11/2021,Browns,L 37 - 48,,
Marcus Allen,,1,01/11/2021,Browns,L 37 - 48,,
Marcus Allen,,1,01/11/2021,Browns,L 37 - 48,,
Marcus Allen,,1,01/11/2021,Browns,L 37 - 48,,
Marcus Allen,,1,01/11/2021,Browns,L 37 - 48,,
Marcus Allen,,1,01/11/2021,Browns,L 37 - 48,,
Ryan Allen,Regular Season,14,12/13/2020,Raiders,W 44 - 27,30,30
Ryan Allen,Regular Season,13,12/06/2020,Texans,W 26 - 20,190,38
Ryan Allen,Regular Season,10,11/13/2020,Titans,W 34 - 17,,
Ryan Allen,Regular Season,9,11/08/2020,Titans,L 17 - 24,320,40
Azeez Al-Shaair,Regular Season,17,01/03/2021,Seahawks,L 23 - 26,2,1
Azeez Al-Shaair,Regular Season,16,12/26/2020,Cardinals,W 20 - 12,0,0
Azeez Al-Shaair,Regular Season,15,12/20/2020,Cowboys,L 33 - 41,2,0
Azeez Al-Shaair,Regular Season,14,12/13/2020,Football Team,L 15 - 23,1,0
Azeez Al-Shaair,Regular Season,13,12/08/2020,Bills,L 24 - 34,,
Azeez Al-Shaair,Regular Season,12,11/29/2020,Rams,W 23 - 20,,
Azeez Al-Shaair,Regular Season,10,11/15/2020,Saints,L 13 - 27,0,0
Azeez Al-Shaair,Regular Season,9,11/06/2020,Packers,L 17 - 34,3,0
Azeez Al-Shaair,Regular Season,8,11/01/2020,Seahawks,L 27 - 37,0,0
Azeez Al-Shaair,Regular Season,3,09/27/2020,Giants,W 36 - 9,0,0
Azeez Al-Shaair,Regular Season,7,10/25/2020,Patriots,W 33 - 6,3,0
Azeez Al-Shaair,Regular Season,2,09/20/2020,Jets,W 31 - 13,1,0
Azeez Al-Shaair,Regular Season,6,10/19/2020,Rams,W 24 - 16,,
Azeez Al-Shaair,Regular Season,1,09/13/2020,Cardinals,L 20 - 24,,
Azeez Al-Shaair,Regular Season,5,10/11/2020,Dolphins,L 17 - 43,,
Azeez Al-Shaair,Regular Season,4,10/05/2020,Eagles,L 20 - 25,1,1
Kyle Allen,Regular Season,10,11/15/2020,Lions,L 27 - 30,,
Kyle Allen,Regular Season,9,11/08/2020,Giants,L 20 - 23,62,0
Kyle Allen,Regular Season,3,09/27/2020,Browns,L 20 - 34,,
Kyle Allen,Regular Season,7,10/25/2020,Cowboys,W 25 - 3,194,0
Kyle Allen,Regular Season,2,09/20/2020,Cardinals,L 15 - 30,,
Kyle Allen,Regular Season,6,10/18/2020,Giants,L 19 - 20,280,1
Kyle Allen,Regular Season,1,09/13/2020,Eagles,W 27 - 17,,
Kyle Allen,Regular Season,5,10/11/2020,Rams,L 10 - 30,74,0
Kyle Allen,Regular Season,4,10/04/2020,Ravens,L 17 - 31,,
Auzoyah Alufohai,Regular Season,17,01/03/2021,Titans,L 38 - 41,,
Auzoyah Alufohai,Regular Season,16,12/27/2020,Bengals,L 31 - 37,,
Auzoyah Alufohai,Regular Season,15,12/20/2020,Colts,L 20 - 27,1,0
Ricardo Allen,Regular Season,17,01/03/2021,Buccaneers,L 27 - 44,1,1
Ricardo Allen,Regular Season,16,12/27/2020,Chiefs,L 14 - 17,1,0
Ricardo Allen,Regular Season,15,12/20/2020,Buccaneers,L 27 - 31,,
Ricardo Allen,Regular Season,14,12/13/2020,Chargers,L 17 - 20,,
Ricardo Allen,Regular Season,13,12/06/2020,Saints,L 16 - 21,0,0
Ricardo Allen,Regular Season,12,11/29/2020,Raiders,W 43 - 6,1,1
Ricardo Allen,Regular Season,11,11/22/2020,Saints,L 9 - 24,1,0
Ricardo Allen,Regular Season,9,11/08/2020,Broncos,W 34 - 27,0,2
Ricardo Allen,Regular Season,8,10/30/2020,Panthers,W 25 - 17,0,0
Tyson Alualu,Regular Season,17,01/03/2021,Browns,L 22 - 24,,
Ricardo Allen,Regular Season,7,10/25/2020,Lions,L 22 - 23,0,0
Ricardo Allen,Regular Season,2,09/20/2020,Cowboys,L 39 - 40,0,1
Ricardo Allen,Regular Season,6,10/18/2020,Vikings,W 40 - 23,1,0
Ricardo Allen,Regular Season,1,09/13/2020,Seahawks,L 25 - 38,,
Ricardo Allen,Regular Season,5,10/11/2020,Panthers,L 16 - 23,2,0
Ricardo Allen,Regular Season,4,10/06/2020,Packers,L 16 - 30,,
Ricardo Allen,Regular Season,3,09/27/2020,Bears,L 26 - 30,,
Tyson Alualu,Regular Season,16,12/27/2020,Colts,W 28 - 24,,
Tyson Alualu,Regular Season,15,12/22/2020,Bengals,L 17 - 27,,
Tyson Alualu,Regular Season,14,12/14/2020,Bills,L 15 - 26,,
Tyson Alualu,Regular Season,13,12/07/2020,Football Team,L 17 - 23,,
Tyson Alualu,Regular Season,12,12/02/2020,Ravens,W 19 - 14,,
Tyson Alualu,Regular Season,11,11/22/2020,Jaguars,W 27 - 3,,
Tyson Alualu,Regular Season,10,11/15/2020,Bengals,W 36 - 10,,
Tyson Alualu,Regular Season,9,11/08/2020,Cowboys,W 24 - 19,,
Tyson Alualu,Regular Season,8,11/01/2020,Ravens,W 28 - 24,,
Tyson Alualu,Regular Season,7,10/25/2020,Titans,W 27 - 24,,
Tyson Alualu,Regular Season,2,09/20/2020,Broncos,W 26 - 21,,
Tyson Alualu,Regular Season,6,10/18/2020,Browns,W 38 - 7,,
Tyson Alualu,Regular Season,1,09/14/2020,Giants,W 26 - 16,,
Tyson Alualu,Regular Season,5,10/11/2020,Eagles,W 38 - 29,,
Tyson Alualu,Regular Season,3,09/27/2020,Texans,W 28 - 21,,
Tyson Alualu,Post Season,17,01/03/2021,Browns,L 22 - 24,,
Tyson Alualu,Post Season,16,12/27/2020,Colts,W 28 - 24,,
Tyson Alualu,Post Season,15,12/22/2020,Bengals,L 17 - 27,,
Tyson Alualu,Post Season,14,12/14/2020,Bills,L 15 - 26,,
Tyson Alualu,Post Season,13,12/07/2020,Football Team,L 17 - 23,,
Tyson Alualu,Post Season,12,12/02/2020,Ravens,W 19 - 14,,
Tyson Alualu,Post Season,11,11/22/2020,Jaguars,W 27 - 3,,
Tyson Alualu,Post Season,10,11/15/2020,Bengals,W 36 - 10,,
Tyson Alualu,Post Season,9,11/08/2020,Cowboys,W 24 - 19,,
Tyson Alualu,Post Season,8,11/01/2020,Ravens,W 28 - 24,,
Tyson Alualu,Post Season,7,10/25/2020,Titans,W 27 - 24,,
Tyson Alualu,Post Season,2,09/20/2020,Broncos,W 26 - 21,,
Tyson Alualu,Post Season,6,10/18/2020,Browns,W 38 - 7,,
Tyson Alualu,Post Season,1,09/14/2020,Giants,W 26 - 16,,
Tyson Alualu,Post Season,5,10/11/2020,Eagles,W 38 - 29,,
Tyson Alualu,Post Season,3,09/27/2020,Texans,W 28 - 21,,
Tyson Alualu,,17,01/03/2021,Browns,L 22 - 24,,
Tyson Alualu,,16,12/27/2020,Colts,W 28 - 24,,
Tyson Alualu,,15,12/22/2020,Bengals,L 17 - 27,,
Tyson Alualu,,14,12/14/2020,Bills,L 15 - 26,,
Tyson Alualu,,13,12/07/2020,Football Team,L 17 - 23,,
Tyson Alualu,,12,12/02/2020,Ravens,W 19 - 14,,
Tyson Alualu,,11,11/22/2020,Jaguars,W 27 - 3,,
Tyson Alualu,,10,11/15/2020,Bengals,W 36 - 10,,
Tyson Alualu,,9,11/08/2020,Cowboys,W 24 - 19,,
Tyson Alualu,,8,11/01/2020,Ravens,W 28 - 24,,
Tyson Alualu,,7,10/25/2020,Titans,W 27 - 24,,
Tyson Alualu,,2,09/20/2020,Broncos,W 26 - 21,,
Tyson Alualu,,6,10/18/2020,Browns,W 38 - 7,,
Tyson Alualu,,1,09/14/2020,Giants,W 26 - 16,,
Tyson Alualu,,5,10/11/2020,Eagles,W 38 - 29,,
Tyson Alualu,,3,09/27/2020,Texans,W 28 - 21,,
Tyson Alualu,,17,01/03/2021,Browns,L 22 - 24,,
Tyson Alualu,,16,12/27/2020,Colts,W 28 - 24,,
Tyson Alualu,,15,12/22/2020,Bengals,L 17 - 27,,
Tyson Alualu,,14,12/14/2020,Bills,L 15 - 26,,
Tyson Alualu,,13,12/07/2020,Football Team,L 17 - 23,,
Tyson Alualu,,12,12/02/2020,Ravens,W 19 - 14,,
Tyson Alualu,,11,11/22/2020,Jaguars,W 27 - 3,,
Tyson Alualu,,10,11/15/2020,Bengals,W 36 - 10,,
Tyson Alualu,,9,11/08/2020,Cowboys,W 24 - 19,,
Tyson Alualu,,8,11/01/2020,Ravens,W 28 - 24,,
Tyson Alualu,,7,10/25/2020,Titans,W 27 - 24,,
Tyson Alualu,,2,09/20/2020,Broncos,W 26 - 21,,
Tyson Alualu,,6,10/18/2020,Browns,W 38 - 7,,
Tyson Alualu,,1,09/14/2020,Giants,W 26 - 16,,
Tyson Alualu,,5,10/11/2020,Eagles,W 38 - 29,,
Tyson Alualu,,3,09/27/2020,Texans,W 28 - 21,,
Tyson Alualu,,17,01/03/2021,Browns,L 22 - 24,,
Tyson Alualu,,16,12/27/2020,Colts,W 28 - 24,,
Tyson Alualu,,15,12/22/2020,Bengals,L 17 - 27,,
Tyson Alualu,,14,12/14/2020,Bills,L 15 - 26,,
Tyson Alualu,,13,12/07/2020,Football Team,L 17 - 23,,
Tyson Alualu,,12,12/02/2020,Ravens,W 19 - 14,,
Tyson Alualu,,11,11/22/2020,Jaguars,W 27 - 3,,
Tyson Alualu,,10,11/15/2020,Bengals,W 36 - 10,,
Tyson Alualu,,9,11/08/2020,Cowboys,W 24 - 19,,
Tyson Alualu,,8,11/01/2020,Ravens,W 28 - 24,,
Tyson Alualu,,7,10/25/2020,Titans,W 27 - 24,,
Tyson Alualu,,2,09/20/2020,Broncos,W 26 - 21,,
Tyson Alualu,,6,10/18/2020,Browns,W 38 - 7,,
Tyson Alualu,,1,09/14/2020,Giants,W 26 - 16,,
Tyson Alualu,,5,10/11/2020,Eagles,W 38 - 29,,
Tyson Alualu,,3,09/27/2020,Texans,W 28 - 21,,
Tyson Alualu,,17,01/03/2021,Browns,L 22 - 24,2,1
Tyson Alualu,,16,12/27/2020,Colts,W 28 - 24,1,0
Tyson Alualu,,15,12/22/2020,Bengals,L 17 - 27,3,0
Tyson Alualu,,14,12/14/2020,Bills,L 15 - 26,2,0
Tyson Alualu,,13,12/07/2020,Football Team,L 17 - 23,4,0
Tyson Alualu,,12,12/02/2020,Ravens,W 19 - 14,0,0
Tyson Alualu,,11,11/22/2020,Jaguars,W 27 - 3,0,1
Tyson Alualu,,10,11/15/2020,Bengals,W 36 - 10,2,0
Tyson Alualu,,9,11/08/2020,Cowboys,W 24 - 19,,
Tyson Alualu,,8,11/01/2020,Ravens,W 28 - 24,,
Tyson Alualu,,7,10/25/2020,Titans,W 27 - 24,1,0
Tyson Alualu,,2,09/20/2020,Broncos,W 26 - 21,2,1
Tyson Alualu,,6,10/18/2020,Browns,W 38 - 7,1,1
Tyson Alualu,,1,09/14/2020,Giants,W 26 - 16,1,0
Tyson Alualu,,5,10/11/2020,Eagles,W 38 - 29,2,0
Tyson Alualu,,3,09/27/2020,Texans,W 28 - 21,0,1
Tyson Alualu,,17,01/03/2021,Browns,L 22 - 24,,
Tyson Alualu,,16,12/27/2020,Colts,W 28 - 24,,
Tyson Alualu,,15,12/22/2020,Bengals,L 17 - 27,,
Tyson Alualu,,14,12/14/2020,Bills,L 15 - 26,,
Tyson Alualu,,13,12/07/2020,Football Team,L 17 - 23,,
Tyson Alualu,,12,12/02/2020,Ravens,W 19 - 14,,
Tyson Alualu,,11,11/22/2020,Jaguars,W 27 - 3,,
Tyson Alualu,,10,11/15/2020,Bengals,W 36 - 10,,
Tyson Alualu,,9,11/08/2020,Cowboys,W 24 - 19,,
Tyson Alualu,,8,11/01/2020,Ravens,W 28 - 24,,
Tyson Alualu,,7,10/25/2020,Titans,W 27 - 24,,
Tyson Alualu,,2,09/20/2020,Broncos,W 26 - 21,,
Tyson Alualu,,6,10/18/2020,Browns,W 38 - 7,,
Tyson Alualu,,1,09/14/2020,Giants,W 26 - 16,,
Tyson Alualu,,5,10/11/2020,Eagles,W 38 - 29,,
Tyson Alualu,,3,09/27/2020,Texans,W 28 - 21,,
Tyson Alualu,,1,01/11/2021,Browns,L 37 - 48,,
Tyson Alualu,,1,01/11/2021,Browns,L 37 - 48,,
Tyson Alualu,,1,01/11/2021,Browns,L 37 - 48,,
Tyson Alualu,,1,01/11/2021,Browns,L 37 - 48,,
Tyson Alualu,,1,01/11/2021,Browns,L 37 - 48,,
Tyson Alualu,,1,01/11/2021,Browns,L 37 - 48,1,0
Tyson Alualu,,1,01/11/2021,Browns,L 37 - 48,,
Ugo Amadi,Regular Season,17,01/03/2021,49ers,W 26 - 23,0,0
Ugo Amadi,Regular Season,16,12/27/2020,Rams,W 20 - 9,1,1
Ugo Amadi,Regular Season,15,12/20/2020,Football Team,W 20 - 15,0,0
Ugo Amadi,Regular Season,14,12/13/2020,Jets,W 40 - 3,1,2
Ugo Amadi,Regular Season,13,12/06/2020,Giants,L 12 - 17,1,0
Ugo Amadi,Regular Season,12,12/01/2020,Eagles,W 23 - 17,2,0
Ugo Amadi,Regular Season,11,11/20/2020,Cardinals,W 28 - 21,1,0
Ugo Amadi,Regular Season,10,11/15/2020,Rams,L 16 - 23,0,0
Ugo Amadi,Regular Season,9,11/08/2020,Bills,L 34 - 44,,
Ugo Amadi,Regular Season,8,11/01/2020,49ers,W 37 - 27,,
Ugo Amadi,Regular Season,3,09/27/2020,Cowboys,W 38 - 31,1,2
Ugo Amadi,Regular Season,7,10/26/2020,Cardinals,L 34 - 37,0,0
Ugo Amadi,Regular Season,1,09/13/2020,Falcons,W 38 - 25,0,0
Ugo Amadi,Regular Season,5,10/12/2020,Vikings,W 27 - 26,0,0
Ugo Amadi,Regular Season,4,10/04/2020,Dolphins,W 31 - 23,0,2
Ugo Amadi,Regular Season,2,09/21/2020,Patriots,W 35 - 30,0,0
Ugo Amadi,Post Season,1,01/09/2021,Rams,L 20 - 30,,
Tremayne Anchrum,Regular Season,17,01/03/2021,Cardinals,W 18 - 7,,
Tremayne Anchrum,Regular Season,16,12/27/2020,Seahawks,L 9 - 20,,
Tremayne Anchrum,Regular Season,15,12/20/2020,Jets,L 20 - 23,,
Tremayne Anchrum,Regular Season,14,12/11/2020,Patriots,W 24 - 3,,
Tremayne Anchrum,Regular Season,13,12/06/2020,Cardinals,W 38 - 28,,
Tremayne Anchrum,Regular Season,12,11/29/2020,49ers,L 20 - 23,,
Tremayne Anchrum,Regular Season,11,11/24/2020,Buccaneers,W 27 - 24,,
Tremayne Anchrum,Regular Season,10,11/15/2020,Seahawks,W 23 - 16,,
Tremayne Anchrum,Regular Season,8,11/01/2020,Dolphins,L 17 - 28,,
Tremayne Anchrum,Regular Season,3,09/27/2020,Bills,L 32 - 35,,
Tremayne Anchrum,Regular Season,7,10/27/2020,Bears,W 24 - 10,,
Tremayne Anchrum,Regular Season,6,10/19/2020,49ers,L 16 - 24,,
Tremayne Anchrum,Regular Season,1,09/14/2020,Cowboys,W 20 - 17,,
Tremayne Anchrum,Regular Season,5,10/11/2020,Football Team,W 30 - 10,,
Tremayne Anchrum,Regular Season,4,10/04/2020,Giants,W 17 - 9,,
Tremayne Anchrum,Regular Season,2,09/20/2020,Eagles,W 37 - 19,,
Tremayne Anchrum,Post Season,2,01/16/2021,Packers,L 18 - 32,,
Tremayne Anchrum,Post Season,1,01/09/2021,Seahawks,W 30 - 20,,
Adrian Amos,Regular Season,17,01/03/2021,Bears,W 35 - 16,3,1
Adrian Amos,Regular Season,16,12/28/2020,Titans,W 40 - 14,1,1
Adrian Amos,Regular Season,15,12/20/2020,Panthers,W 24 - 16,1,3
Adrian Amos,Regular Season,14,12/13/2020,Lions,W 31 - 24,1,1
Adrian Amos,Regular Season,13,12/06/2020,Eagles,W 30 - 16,0,0
Adrian Amos,Regular Season,12,11/30/2020,Bears,W 41 - 25,1,0
Adrian Amos,Regular Season,11,11/22/2020,Colts,L 31 - 34,3,1
Adrian Amos,Regular Season,10,11/15/2020,Jaguars,W 24 - 20,0,1
Adrian Amos,Regular Season,9,11/06/2020,49ers,W 34 - 17,0,0
Adrian Amos,Regular Season,8,11/01/2020,Vikings,L 22 - 28,1,0
Adrian Amos,Regular Season,7,10/25/2020,Texans,W 35 - 20,1,0
Adrian Amos,Regular Season,2,09/20/2020,Lions,W 42 - 21,1,0
Adrian Amos,Regular Season,6,10/18/2020,Buccaneers,L 10 - 38,3,0
Adrian Amos,Regular Season,4,10/06/2020,Falcons,W 30 - 16,0,1
Adrian Amos,Regular Season,3,09/28/2020,Saints,W 37 - 30,1,0
Adrian Amos,Regular Season,1,09/13/2020,Vikings,W 43 - 34,1,0
Adrian Amos,Post Season,2,01/16/2021,Rams,W 32 - 18,1,0
Danny Amendola,Regular Season,17,01/03/2021,Vikings,L 35 - 37,6,
Danny Amendola,Regular Season,16,12/26/2020,Buccaneers,L 7 - 47,7.4,
Danny Amendola,Regular Season,15,12/20/2020,Titans,L 25 - 46,6.7,
Danny Amendola,Regular Season,14,12/13/2020,Packers,L 24 - 31,11,
Danny Amendola,Regular Season,13,12/06/2020,Bears,W 34 - 30,20.7,
Danny Amendola,Regular Season,12,11/26/2020,Texans,L 25 - 41,,
Danny Amendola,Regular Season,11,11/22/2020,Panthers,L 0 - 20,,
Danny Amendola,Regular Season,10,11/15/2020,Football Team,W 30 - 27,3.3,
Danny Amendola,Regular Season,9,11/08/2020,Vikings,L 20 - 34,11,1
Danny Amendola,Regular Season,8,11/01/2020,Colts,L 21 - 41,18,
Danny Amendola,Regular Season,3,09/27/2020,Cardinals,W 26 - 23,18,
Danny Amendola,Regular Season,7,10/25/2020,Falcons,W 23 - 22,20.7,
Danny Amendola,Regular Season,2,09/20/2020,Packers,L 21 - 42,10.5,
Danny Amendola,Regular Season,6,10/18/2020,Jaguars,W 34 - 16,15.5,
Danny Amendola,Regular Season,4,10/04/2020,Saints,L 29 - 35,28.5,
Danny Amendola,Regular Season,1,09/13/2020,Bears,L 23 - 27,16.2,
Abdullah Anderson,Regular Season,9,11/08/2020,Lions,W 34 - 20,,
Bradlee Anae,Regular Season,17,01/03/2021,Giants,L 19 - 23,,
Bradlee Anae,Regular Season,16,12/27/2020,Eagles,W 37 - 17,,
Bradlee Anae,Regular Season,15,12/20/2020,49ers,W 41 - 33,,
Bradlee Anae,Regular Season,14,12/13/2020,Bengals,W 30 - 7,,
Bradlee Anae,Regular Season,13,12/09/2020,Ravens,L 17 - 34,,
Bradlee Anae,Regular Season,12,11/26/2020,Football Team,L 16 - 41,,
Bradlee Anae,Regular Season,11,11/22/2020,Vikings,W 31 - 28,,
Bradlee Anae,Regular Season,9,11/08/2020,Steelers,L 19 - 24,,
Bradlee Anae,Regular Season,8,11/02/2020,Eagles,L 9 - 23,,
Bradlee Anae,Regular Season,3,09/27/2020,Seahawks,L 31 - 38,,
Bradlee Anae,Regular Season,7,10/25/2020,Football Team,L 3 - 25,,
Bradlee Anae,Regular Season,2,09/20/2020,Falcons,W 40 - 39,,
Bradlee Anae,Regular Season,6,10/20/2020,Cardinals,L 10 - 38,,
Bradlee Anae,Regular Season,1,09/14/2020,Rams,L 17 - 20,,
Bradlee Anae,Regular Season,5,10/11/2020,Giants,W 37 - 34,0,0
Bradlee Anae,Regular Season,4,10/04/2020,Browns,L 38 - 49,,
Calvin Anderson,Regular Season,17,01/03/2021,Raiders,L 31 - 32,,
Calvin Anderson,Regular Season,16,12/27/2020,Chargers,L 16 - 19,,
Calvin Anderson,Regular Season,15,12/19/2020,Bills,L 19 - 48,,
Calvin Anderson,Regular Season,14,12/13/2020,Panthers,W 32 - 27,,
Calvin Anderson,Regular Season,13,12/07/2020,Chiefs,L 16 - 22,,
Calvin Anderson,Regular Season,12,11/29/2020,Saints,L 3 - 31,,
Calvin Anderson,Regular Season,11,11/22/2020,Dolphins,W 20 - 13,,
Calvin Anderson,Regular Season,10,11/15/2020,Raiders,L 12 - 37,,
Calvin Anderson,Regular Season,9,11/08/2020,Falcons,L 27 - 34,,
Calvin Anderson,Regular Season,8,11/01/2020,Chargers,W 31 - 30,,
Calvin Anderson,Regular Season,3,09/27/2020,Buccaneers,L 10 - 28,,
Calvin Anderson,Regular Season,7,10/25/2020,Chiefs,L 16 - 43,,
Calvin Anderson,Regular Season,2,09/20/2020,Steelers,L 21 - 26,,
Calvin Anderson,Regular Season,6,10/18/2020,Patriots,W 18 - 12,,
Calvin Anderson,Regular Season,1,09/15/2020,Titans,L 14 - 16,,
Calvin Anderson,Regular Season,4,10/02/2020,Jets,W 37 - 28,,
Darius Anderson,Regular Season,17,01/03/2021,Jaguars,W 28 - 14,,
Darius Anderson,Post Season,1,01/09/2021,Bills,L 24 - 27,,
Ryan Anderson,Regular Season,13,12/07/2020,Steelers,W 23 - 17,,
Ryan Anderson,Regular Season,12,11/26/2020,Cowboys,W 41 - 16,,
Ryan Anderson,Regular Season,11,11/22/2020,Bengals,W 20 - 9,,
Ryan Anderson,Regular Season,10,11/15/2020,Lions,L 27 - 30,0,0
Ryan Anderson,Regular Season,9,11/08/2020,Giants,L 20 - 23,0,0
Ryan Anderson,Regular Season,3,09/27/2020,Browns,L 20 - 34,2,0
Ryan Anderson,Regular Season,7,10/25/2020,Cowboys,W 25 - 3,0,0
Ryan Anderson,Regular Season,2,09/20/2020,Cardinals,L 15 - 30,,
Ryan Anderson,Regular Season,6,10/18/2020,Giants,L 19 - 20,,
Ryan Anderson,Regular Season,1,09/13/2020,Eagles,W 27 - 17,1,0
Ryan Anderson,Regular Season,5,10/11/2020,Rams,L 10 - 30,,
Ryan Anderson,Regular Season,4,10/04/2020,Ravens,L 17 - 31,0,0
Alex Armah,Regular Season,17,01/03/2021,Saints,L 7 - 33,,0
Alex Armah,Regular Season,16,12/27/2020,Football Team,W 20 - 13,3,
Alex Armah,Regular Season,15,12/20/2020,Packers,L 16 - 24,,1
Alex Armah,Regular Season,14,12/13/2020,Broncos,L 27 - 32,,1
Alex Armah,Regular Season,12,11/29/2020,Vikings,L 27 - 28,,
Alex Armah,Regular Season,11,11/22/2020,Lions,W 20 - 0,,0
Alex Armah,Regular Season,10,11/15/2020,Buccaneers,L 23 - 46,,2
Alex Armah,Regular Season,9,11/08/2020,Chiefs,L 31 - 33,,
Alex Armah,Regular Season,8,10/30/2020,Falcons,L 17 - 25,,
Alex Armah,Regular Season,3,09/27/2020,Chargers,W 21 - 16,,
Alex Armah,Regular Season,7,10/25/2020,Saints,L 24 - 27,1,0
Alex Armah,Regular Season,2,09/20/2020,Buccaneers,L 17 - 31,,1
Alex Armah,Regular Season,6,10/18/2020,Bears,L 16 - 23,,0
Alex Armah,Regular Season,5,10/11/2020,Falcons,W 23 - 16,2,
Alex Armah,Regular Season,4,10/04/2020,Cardinals,W 31 - 21,2,
Alex Armah,Regular Season,1,09/13/2020,Raiders,L 30 - 34,0.5,
Henry Anderson,Regular Season,17,01/03/2021,Patriots,L 14 - 28,2,0
Henry Anderson,Regular Season,16,12/27/2020,Browns,W 23 - 16,0,0
Henry Anderson,Regular Season,15,12/20/2020,Rams,W 23 - 20,,
Henry Anderson,Regular Season,14,12/13/2020,Seahawks,L 3 - 40,3,0
Henry Anderson,Regular Season,13,12/06/2020,Raiders,L 28 - 31,1,0
Henry Anderson,Regular Season,12,11/29/2020,Dolphins,L 3 - 20,2,0
Henry Anderson,Regular Season,11,11/22/2020,Chargers,L 28 - 34,4,0
Henry Anderson,Regular Season,9,11/10/2020,Patriots,L 27 - 30,2,0
Henry Anderson,Regular Season,8,11/01/2020,Chiefs,L 9 - 35,3,0
Henry Anderson,Regular Season,3,09/27/2020,Colts,L 7 - 36,0,0
Henry Anderson,Regular Season,7,10/25/2020,Bills,L 10 - 18,2,0
Henry Anderson,Regular Season,2,09/20/2020,49ers,L 13 - 31,,
Henry Anderson,Regular Season,6,10/18/2020,Dolphins,L 0 - 24,,
Henry Anderson,Regular Season,1,09/13/2020,Bills,L 17 - 27,2,0
Henry Anderson,Regular Season,5,10/11/2020,Cardinals,L 10 - 30,1,0
Henry Anderson,Regular Season,4,10/02/2020,Broncos,L 28 - 37,1,0
Arik Armstead,Regular Season,17,01/03/2021,Seahawks,L 23 - 26,1,1
Arik Armstead,Regular Season,16,12/26/2020,Cardinals,W 20 - 12,2,0
Arik Armstead,Regular Season,15,12/20/2020,Cowboys,L 33 - 41,3,0
Arik Armstead,Regular Season,14,12/13/2020,Football Team,L 15 - 23,1,0
Arik Armstead,Regular Season,13,12/08/2020,Bills,L 24 - 34,2,0
Arik Armstead,Regular Season,12,11/29/2020,Rams,W 23 - 20,2,0
Arik Armstead,Regular Season,10,11/15/2020,Saints,L 13 - 27,0,0
Arik Armstead,Regular Season,9,11/06/2020,Packers,L 17 - 34,,
Arik Armstead,Regular Season,8,11/01/2020,Seahawks,L 27 - 37,1,0
Arik Armstead,Regular Season,3,09/27/2020,Giants,W 36 - 9,1,0
Arik Armstead,Regular Season,7,10/25/2020,Patriots,W 33 - 6,0,0
Arik Armstead,Regular Season,2,09/20/2020,Jets,W 31 - 13,2,1
Arik Armstead,Regular Season,6,10/19/2020,Rams,W 24 - 16,2,1
Arik Armstead,Regular Season,1,09/13/2020,Cardinals,L 20 - 24,1,0
Arik Armstead,Regular Season,5,10/11/2020,Dolphins,L 17 - 43,1,0
Arik Armstead,Regular Season,4,10/05/2020,Eagles,L 20 - 25,1,0
Cornell Armstrong,Regular Season,17,01/03/2021,Titans,L 38 - 41,,
Cornell Armstrong,Regular Season,16,12/27/2020,Bengals,L 31 - 37,,
Cornell Armstrong,Regular Season,15,12/20/2020,Colts,L 20 - 27,,
Cornell Armstrong,Regular Season,14,12/13/2020,Bears,L 7 - 36,,
Cornell Armstrong,Regular Season,13,12/06/2020,Colts,L 20 - 26,,
Cornell Armstrong,Regular Season,12,11/26/2020,Lions,W 41 - 25,,
Cornell Armstrong,Regular Season,11,11/22/2020,Patriots,W 27 - 20,,
Cornell Armstrong,Regular Season,10,11/15/2020,Browns,L 7 - 10,,
Cornell Armstrong,Regular Season,9,11/08/2020,Jaguars,W 27 - 25,,
Cornell Armstrong,Regular Season,7,10/25/2020,Packers,L 20 - 35,,
Cornell Armstrong,Regular Season,2,09/20/2020,Ravens,L 16 - 33,,
Cornell Armstrong,Regular Season,6,10/18/2020,Titans,L 36 - 42,,
Cornell Armstrong,Regular Season,1,09/11/2020,Chiefs,L 20 - 34,,
Cornell Armstrong,Regular Season,5,10/11/2020,Jaguars,W 30 - 14,,
Cornell Armstrong,Regular Season,4,10/04/2020,Vikings,L 23 - 31,,
Cornell Armstrong,Regular Season,3,09/27/2020,Steelers,L 21 - 28,,
Terron Armstead,Regular Season,17,01/03/2021,Panthers,W 33 - 7,,
Terron Armstead,Regular Season,16,12/25/2020,Vikings,W 52 - 33,,
Terron Armstead,Regular Season,15,12/20/2020,Chiefs,L 29 - 32,,
Terron Armstead,Regular Season,14,12/13/2020,Eagles,L 21 - 24,,
Terron Armstead,Regular Season,11,11/22/2020,Falcons,W 24 - 9,,
Terron Armstead,Regular Season,10,11/15/2020,49ers,W 27 - 13,,
Terron Armstead,Regular Season,9,11/09/2020,Buccaneers,W 38 - 3,,
Terron Armstead,Regular Season,8,11/01/2020,Bears,W 26 - 23,,
Terron Armstead,Regular Season,7,10/25/2020,Panthers,W 27 - 24,,
Terron Armstead,Regular Season,2,09/22/2020,Raiders,L 24 - 34,,
Terron Armstead,Regular Season,1,09/13/2020,Buccaneers,W 34 - 23,,
Terron Armstead,Regular Season,5,10/13/2020,Chargers,W 30 - 27,,
Terron Armstead,Regular Season,4,10/04/2020,Lions,W 35 - 29,,
Terron Armstead,Regular Season,3,09/28/2020,Packers,L 30 - 37,,
Terron Armstead,Post Season,2,01/17/2021,Buccaneers,L 20 - 30,,
Terron Armstead,Post Season,1,01/10/2021,Bears,W 21 - 9,,
Dorance Armstrong,Regular Season,17,01/03/2021,Giants,L 19 - 23,2,1
Dorance Armstrong,Regular Season,16,12/27/2020,Eagles,W 37 - 17,0,0
Dorance Armstrong,Regular Season,15,12/20/2020,49ers,W 41 - 33,2,0
Dorance Armstrong,Regular Season,14,12/13/2020,Bengals,W 30 - 7,0,1
Dorance Armstrong,Regular Season,13,12/09/2020,Ravens,L 17 - 34,1,0
Dorance Armstrong,Regular Season,12,11/26/2020,Football Team,L 16 - 41,1,0
Dorance Armstrong,Regular Season,11,11/22/2020,Vikings,W 31 - 28,2,0
Dorance Armstrong,Regular Season,9,11/08/2020,Steelers,L 19 - 24,,
Dorance Armstrong,Regular Season,8,11/02/2020,Eagles,L 9 - 23,1,0
Dorance Armstrong,Regular Season,3,09/27/2020,Seahawks,L 31 - 38,1,0
Dorance Armstrong,Regular Season,7,10/25/2020,Football Team,L 3 - 25,0,0
Dorance Armstrong,Regular Season,2,09/20/2020,Falcons,W 40 - 39,2,0
Dorance Armstrong,Regular Season,6,10/20/2020,Cardinals,L 10 - 38,0,0
Dorance Armstrong,Regular Season,1,09/14/2020,Rams,L 17 - 20,0,0
Dorance Armstrong,Regular Season,5,10/11/2020,Giants,W 37 - 34,0,0
Dorance Armstrong,Regular Season,4,10/04/2020,Browns,L 38 - 49,0,0
Ray-Ray Armstrong,Regular Season,14,12/13/2020,Jets,W 40 - 3,,
Ray-Ray Armstrong,Regular Season,7,10/26/2020,Cardinals,L 34 - 37,,
Grayland Arnold,Regular Season,17,01/04/2021,Football Team,L 14 - 20,2,1
Grayland Arnold,Regular Season,16,12/27/2020,Cowboys,L 17 - 37,2,0
Grayland Arnold,Regular Season,15,12/20/2020,Cardinals,L 26 - 33,,
Grayland Arnold,Regular Season,14,12/13/2020,Saints,W 24 - 21,,
Grayland Arnold,Regular Season,13,12/06/2020,Packers,L 16 - 30,0,0
Grayland Arnold,Regular Season,5,10/11/2020,Steelers,L 29 - 38,1,0
Grayland Arnold,Regular Season,4,10/05/2020,49ers,W 25 - 20,,
Grayland Arnold,Regular Season,3,09/27/2020,Bengals,T 23 - 23,,
Devin Asiasi,Regular Season,17,01/03/2021,Jets,W 28 - 14,19.5,
Devin Asiasi,Regular Season,16,12/29/2020,Bills,L 9 - 38,,
Devin Asiasi,Regular Season,15,12/20/2020,Dolphins,L 12 - 22,,
Devin Asiasi,Regular Season,14,12/11/2020,Rams,L 3 - 24,,
Devin Asiasi,Regular Season,8,11/01/2020,Bills,L 21 - 24,,
Devin Asiasi,Regular Season,3,09/27/2020,Raiders,W 36 - 20,,
Devin Asiasi,Regular Season,7,10/25/2020,49ers,L 6 - 33,,
Devin Asiasi,Regular Season,6,10/18/2020,Broncos,L 12 - 18,,
Devin Asiasi,Regular Season,1,09/13/2020,Dolphins,W 21 - 11,,
Devin Asiasi,Regular Season,4,10/05/2020,Chiefs,L 10 - 26,,
Devin Asiasi,Regular Season,2,09/21/2020,Seahawks,L 30 - 35,,
Damon Arnette,Regular Season,17,01/03/2021,Broncos,W 32 - 31,0,0
Damon Arnette,Regular Season,16,12/27/2020,Dolphins,L 25 - 26,1,0
Damon Arnette,Regular Season,15,12/18/2020,Chargers,L 27 - 30,,
Damon Arnette,Regular Season,14,12/13/2020,Colts,L 27 - 44,,
Damon Arnette,Regular Season,13,12/06/2020,Jets,W 31 - 28,1,0
Damon Arnette,Regular Season,12,11/29/2020,Falcons,L 6 - 43,0,0
Damon Arnette,Regular Season,11,11/23/2020,Chiefs,L 31 - 35,0,1
Damon Arnette,Regular Season,10,11/15/2020,Broncos,W 37 - 12,,
Damon Arnette,Regular Season,3,09/27/2020,Patriots,L 20 - 36,0,0
Damon Arnette,Regular Season,2,09/22/2020,Saints,W 34 - 24,0,0
Damon Arnette,Regular Season,1,09/13/2020,Panthers,W 34 - 30,2,1
Dan Arnold,Regular Season,17,01/03/2021,Rams,L 7 - 18,15.3,
Dan Arnold,Regular Season,16,12/26/2020,49ers,L 12 - 20,8.3,
Dan Arnold,Regular Season,15,12/20/2020,Eagles,W 33 - 26,18,
Dan Arnold,Regular Season,14,12/13/2020,Giants,W 26 - 7,13.5,
Dan Arnold,Regular Season,13,12/06/2020,Rams,L 28 - 38,30.5,
Dan Arnold,Regular Season,12,11/29/2020,Patriots,L 17 - 20,17,
Dan Arnold,Regular Season,11,11/20/2020,Seahawks,L 21 - 28,4,
Dan Arnold,Regular Season,10,11/15/2020,Bills,W 32 - 30,8.5,
Dan Arnold,Regular Season,9,11/08/2020,Dolphins,L 31 - 34,16,
Dan Arnold,Regular Season,3,09/27/2020,Lions,L 23 - 26,11,
Dan Arnold,Regular Season,7,10/26/2020,Seahawks,W 37 - 34,28.5,
Dan Arnold,Regular Season,2,09/20/2020,Football Team,W 30 - 15,13,
Dan Arnold,Regular Season,6,10/20/2020,Cowboys,W 38 - 10,,
Dan Arnold,Regular Season,1,09/13/2020,49ers,W 24 - 20,10.5,
Dan Arnold,Regular Season,5,10/11/2020,Jets,W 30 - 10,,
Dan Arnold,Regular Season,4,10/04/2020,Panthers,L 21 - 31,9.8,
Jeremiah Attaochu,Regular Season,17,01/03/2021,Raiders,L 31 - 32,1,0
Jeremiah Attaochu,Regular Season,16,12/27/2020,Chargers,L 16 - 19,1,0
Jeremiah Attaochu,Regular Season,15,12/19/2020,Bills,L 19 - 48,1,0
Jeremiah Attaochu,Regular Season,14,12/13/2020,Panthers,W 32 - 27,0,0
Jeremiah Attaochu,Regular Season,13,12/07/2020,Chiefs,L 16 - 22,0,0
Jeremiah Attaochu,Regular Season,12,11/29/2020,Saints,L 3 - 31,2,0
Jeremiah Attaochu,Regular Season,11,11/22/2020,Dolphins,W 20 - 13,1,0
Jeremiah Attaochu,Regular Season,10,11/15/2020,Raiders,L 12 - 37,,
Jeremiah Attaochu,Regular Season,9,11/08/2020,Falcons,L 27 - 34,0,0
Jeremiah Attaochu,Regular Season,8,11/01/2020,Chargers,W 31 - 30,,
Jeremiah Attaochu,Regular Season,3,09/27/2020,Buccaneers,L 10 - 28,0,0
Jeremiah Attaochu,Regular Season,7,10/25/2020,Chiefs,L 16 - 43,,
Jeremiah Attaochu,Regular Season,2,09/20/2020,Steelers,L 21 - 26,0,0
Jeremiah Attaochu,Regular Season,6,10/18/2020,Patriots,W 18 - 12,,
Jeremiah Attaochu,Regular Season,1,09/15/2020,Titans,L 14 - 16,1,0
Jeremiah Attaochu,Regular Season,4,10/02/2020,Jets,W 37 - 28,,
Antony Auclair,Regular Season,17,01/03/2021,Falcons,W 44 - 27,,
Antony Auclair,Regular Season,16,12/26/2020,Lions,W 47 - 7,,
Antony Auclair,Regular Season,15,12/20/2020,Falcons,W 31 - 27,,
Antony Auclair,Regular Season,14,12/13/2020,Vikings,W 26 - 14,,
Antony Auclair,Regular Season,12,11/29/2020,Chiefs,L 24 - 27,,
Antony Auclair,Regular Season,11,11/24/2020,Rams,L 24 - 27,,
Antony Auclair,Regular Season,10,11/15/2020,Panthers,W 46 - 23,,
Antony Auclair,Regular Season,9,11/09/2020,Saints,L 3 - 38,,
Antony Auclair,Regular Season,8,11/03/2020,Giants,W 25 - 23,,
Antony Auclair,Regular Season,1,09/13/2020,Saints,L 23 - 34,,
Antony Auclair,Post Season,2,01/17/2021,Saints,W 30 - 20,,
Antony Auclair,Post Season,1,01/10/2021,Football Team,W 31 - 23,,
Geno Atkins,Regular Season,14,12/13/2020,Cowboys,L 7 - 30,,
Geno Atkins,Regular Season,13,12/06/2020,Dolphins,L 7 - 19,,
Geno Atkins,Regular Season,12,11/29/2020,Giants,L 17 - 19,,
Geno Atkins,Regular Season,11,11/22/2020,Football Team,L 9 - 20,0,0
Geno Atkins,Regular Season,10,11/15/2020,Steelers,L 10 - 36,,
Geno Atkins,Regular Season,8,11/01/2020,Titans,W 31 - 20,0,0
Geno Atkins,Regular Season,7,10/25/2020,Browns,L 34 - 37,,
Geno Atkins,Regular Season,2,09/18/2020,Browns,L 30 - 35,,
Geno Atkins,Regular Season,6,10/18/2020,Colts,L 27 - 31,,
Geno Atkins,Regular Season,1,09/13/2020,Chargers,L 13 - 16,,
Geno Atkins,Regular Season,5,10/11/2020,Ravens,L 3 - 27,,
Geno Atkins,Regular Season,4,10/04/2020,Jaguars,W 33 - 25,,
Geno Atkins,Regular Season,3,09/27/2020,Eagles,T 23 - 23,,
Blessuan Austin,Regular Season,17,01/03/2021,Patriots,L 14 - 28,,
Blessuan Austin,Regular Season,16,12/27/2020,Browns,W 23 - 16,3,1
Blessuan Austin,Regular Season,15,12/20/2020,Rams,W 23 - 20,1,0
Blessuan Austin,Regular Season,14,12/13/2020,Seahawks,L 3 - 40,0,0
Blessuan Austin,Regular Season,9,11/10/2020,Patriots,L 27 - 30,3,1
Blessuan Austin,Regular Season,8,11/01/2020,Chiefs,L 9 - 35,0,0
Blessuan Austin,Regular Season,3,09/27/2020,Colts,L 7 - 36,0,0
Blessuan Austin,Regular Season,7,10/25/2020,Bills,L 10 - 18,2,2
Blessuan Austin,Regular Season,2,09/20/2020,49ers,L 13 - 31,0,0
Blessuan Austin,Regular Season,6,10/18/2020,Dolphins,L 0 - 24,1,0
Blessuan Austin,Regular Season,1,09/13/2020,Bills,L 17 - 27,1,0
Blessuan Austin,Regular Season,5,10/11/2020,Cardinals,L 10 - 30,,
Blessuan Austin,Regular Season,4,10/02/2020,Broncos,L 28 - 37,2,0
Tavon Austin,Regular Season,17,01/03/2021,Bears,W 35 - 16,7,
Tavon Austin,Regular Season,16,12/28/2020,Titans,W 40 - 14,2.5,
Tavon Austin,Regular Season,15,12/20/2020,Panthers,W 24 - 16,,
Tavon Austin,Regular Season,14,12/13/2020,Lions,W 31 - 24,4,
Tavon Austin,Regular Season,13,12/06/2020,Eagles,W 30 - 16,,
Tavon Austin,Post Season,2,01/16/2021,Rams,W 32 - 18,,
Anthony Averett,Regular Season,17,01/03/2021,Bengals,W 38 - 3,0,2
Anthony Averett,Regular Season,16,12/27/2020,Giants,W 27 - 13,1,2
Anthony Averett,Regular Season,15,12/20/2020,Jaguars,W 40 - 14,1,1
Anthony Averett,Regular Season,14,12/15/2020,Browns,W 47 - 42,,
Anthony Averett,Regular Season,13,12/09/2020,Cowboys,W 34 - 17,1,1
Anthony Averett,Regular Season,3,09/29/2020,Chiefs,L 20 - 34,2,0
Anthony Averett,Regular Season,2,09/20/2020,Texans,W 33 - 16,0,0
Anthony Averett,Regular Season,6,10/18/2020,Eagles,W 30 - 28,,
Anthony Averett,Regular Season,5,10/11/2020,Bengals,W 27 - 3,,
Anthony Averett,Regular Season,4,10/04/2020,Football Team,W 31 - 17,0,1
Anthony Averett,Regular Season,1,09/13/2020,Browns,W 38 - 6,,
Anthony Averett,Post Season,2,01/17/2021,Bills,L 3 - 17,0,0
Anthony Averett,Post Season,1,01/10/2021,Titans,W 20 - 13,0,0
Denico Autry,Regular Season,17,01/03/2021,Jaguars,W 28 - 14,1,0
Denico Autry,Regular Season,16,12/27/2020,Steelers,L 24 - 28,2,0
Denico Autry,Regular Season,15,12/20/2020,Texans,W 27 - 20,1,0
Denico Autry,Regular Season,14,12/13/2020,Raiders,W 44 - 27,,
Denico Autry,Regular Season,13,12/06/2020,Texans,W 26 - 20,0,0
Denico Autry,Regular Season,10,11/13/2020,Titans,W 34 - 17,2,0
Denico Autry,Regular Season,9,11/08/2020,Ravens,L 10 - 24,1,0
Denico Autry,Regular Season,8,11/01/2020,Lions,W 41 - 21,0,0
Denico Autry,Regular Season,3,09/27/2020,Jets,W 36 - 7,1,0
Denico Autry,Regular Season,6,10/18/2020,Bengals,W 31 - 27,1,0
Denico Autry,Regular Season,5,10/11/2020,Browns,L 23 - 32,4,0
Denico Autry,Regular Season,4,10/04/2020,Bears,W 19 - 11,,
Denico Autry,Regular Season,2,09/20/2020,Vikings,W 28 - 11,0,0
Denico Autry,Regular Season,1,09/13/2020,Jaguars,L 20 - 27,0,0
Denico Autry,Post Season,1,01/09/2021,Bills,L 24 - 27,2,0
Genard Avery,Regular Season,17,01/04/2021,Football Team,L 14 - 20,1,0
Genard Avery,Regular Season,16,12/27/2020,Cowboys,L 17 - 37,3,0
Genard Avery,Regular Season,15,12/20/2020,Cardinals,L 26 - 33,1,0
Genard Avery,Regular Season,14,12/13/2020,Saints,W 24 - 21,,
Genard Avery,Regular Season,13,12/06/2020,Packers,L 16 - 30,,
Genard Avery,Regular Season,12,12/01/2020,Seahawks,L 17 - 23,,
Genard Avery,Regular Season,7,10/23/2020,Giants,W 22 - 21,,
Genard Avery,Regular Season,6,10/18/2020,Ravens,L 28 - 30,0,1
Genard Avery,Regular Season,1,09/13/2020,Football Team,L 17 - 27,1,0
Genard Avery,Regular Season,5,10/11/2020,Steelers,L 29 - 38,0,0
Genard Avery,Regular Season,4,10/05/2020,49ers,W 25 - 20,0,0
Genard Avery,Regular Season,3,09/27/2020,Bengals,T 23 - 23,0,0
Genard Avery,Regular Season,2,09/20/2020,Rams,L 19 - 37,,
